client_id	path	sentence_id	sentence	sentence_domain	up_votes	down_votes	age	gender	accents	variant	locale	segment
8a09e33c4a49220a3a9dd7f36d07454d7639bdf373ee0c6003fa79e4f39c9071d5539b5a130c56c896a1da2b23b23fcb276efc7b3d812ed6bc0a40d0307d1bf1	common_voice_ibb_41246156.mp3	0b6dae4c9814309dc95fc80fb27887037551e428beec53d0b72e5ed2675cbe13	Ikọd etefia ete iwuọ ufuọd okoneyo mme ekedooho ekarika.		0	2					ibb	
8a09e33c4a49220a3a9dd7f36d07454d7639bdf373ee0c6003fa79e4f39c9071d5539b5a130c56c896a1da2b23b23fcb276efc7b3d812ed6bc0a40d0307d1bf1	common_voice_ibb_41247808.mp3	1c18301c7f62300ec7f9836ec73f68af261f078f0ed04ab5908e1017c02d261d	Esion enañ ke enañ ọyuup isịm.		0	2					ibb	
8a09e33c4a49220a3a9dd7f36d07454d7639bdf373ee0c6003fa79e4f39c9071d5539b5a130c56c896a1da2b23b23fcb276efc7b3d812ed6bc0a40d0307d1bf1	common_voice_ibb_41247813.mp3	41785e3cf2a961cc80487d36b1f73af755a6e8a3417eb1d275fb3f678f92019e	Ndion enye amaaseemme obo ke mme ikpọ owo ufọkutom odo ekebo ke enyịñ imọ isịneke ke otu mbon se iyem ibọ ọkʌk.		0	2					ibb	
8a09e33c4a49220a3a9dd7f36d07454d7639bdf373ee0c6003fa79e4f39c9071d5539b5a130c56c896a1da2b23b23fcb276efc7b3d812ed6bc0a40d0307d1bf1	common_voice_ibb_41248074.mp3	1bfd4a9c18a090c6c907c1ef7f71d23615dc34db93b6c48771fa8529f74f3a14	Odo ibọọrọ akedo mm yịn mmi ifen eyop enyem añkak edikpi o.		0	2					ibb	
8a09e33c4a49220a3a9dd7f36d07454d7639bdf373ee0c6003fa79e4f39c9071d5539b5a130c56c896a1da2b23b23fcb276efc7b3d812ed6bc0a40d0307d1bf1	common_voice_ibb_41248077.mp3	539755c7e0ea1957f2ba9acf5d2ae53b5a95e0759f6d73f27ab053b3bda09738	Atịm ukọd amaana akere mkpọ akeme edido iyiip ọmọ idukemmeke mme ake ufuọd o.		0	2					ibb	
8a09e33c4a49220a3a9dd7f36d07454d7639bdf373ee0c6003fa79e4f39c9071d5539b5a130c56c896a1da2b23b23fcb276efc7b3d812ed6bc0a40d0307d1bf1	common_voice_ibb_41248084.mp3	4d7ded6a6054dbee06304fed8d420bb6555a6b91df94ae14362730e77325789b	Mme mfʌhọ ye obuud mma emi amaabiooro ke ndịbe esịd ọmọ ate ke ebe imọ mme nditọ idikpañake ọbiọñ.		0	2					ibb	
8a09e33c4a49220a3a9dd7f36d07454d7639bdf373ee0c6003fa79e4f39c9071d5539b5a130c56c896a1da2b23b23fcb276efc7b3d812ed6bc0a40d0307d1bf1	common_voice_ibb_41248087.mp3	0e767b0459a8b9a269dbd12f8407544d30b643f28e1ca9616ed165c54ac5b8c2	Use mkpọ eekekaha ikisịnne uñwam utu ke ndo akeben mfʌhọ edi.		0	2					ibb	
8a09e33c4a49220a3a9dd7f36d07454d7639bdf373ee0c6003fa79e4f39c9071d5539b5a130c56c896a1da2b23b23fcb276efc7b3d812ed6bc0a40d0307d1bf1	common_voice_ibb_41248375.mp3	31df423c4edb386658b2f977cf965d76a22db536ac8b0e5015941978404608db	Ñko nte owo utom ete emi amaatie isua ita ye ubaak inieehe ikọt.		0	2					ibb	
8a09e33c4a49220a3a9dd7f36d07454d7639bdf373ee0c6003fa79e4f39c9071d5539b5a130c56c896a1da2b23b23fcb276efc7b3d812ed6bc0a40d0307d1bf1	common_voice_ibb_41248386.mp3	00b25879201815cfd38416e77456f3bfa92d24cc5954bd2a98c78caa0457fb60	Akpakpa akedo mbọọ iyo udia mme enem amaadʌk ke isọñ ikọd ekop isua odo tutu.		0	2					ibb	
8a09e33c4a49220a3a9dd7f36d07454d7639bdf373ee0c6003fa79e4f39c9071d5539b5a130c56c896a1da2b23b23fcb276efc7b3d812ed6bc0a40d0307d1bf1	common_voice_ibb_41248662.mp3	40658f42887408b09bea1843899d1eda3ddb797f39ea1cbf80bbac116c67c9b9	Afịd itie amadop biai sia ukeed owo ema edʌk idap umọfia kpọd ke idap akesop ke enyen.		0	2					ibb	
8a09e33c4a49220a3a9dd7f36d07454d7639bdf373ee0c6003fa79e4f39c9071d5539b5a130c56c896a1da2b23b23fcb276efc7b3d812ed6bc0a40d0307d1bf1	common_voice_ibb_41248936.mp3	0d13955c42ce1a01464e44796880cc6462d2da8730a930d5c5044cb237c8fc32	Ibaan ema esekop ikọ ediọọñọ daña esịn uyo isọñ ete nnyịn ọnọhọ ebe adiaha ọmọ ekem ndian ubeed keed.		0	2					ibb	
8a09e33c4a49220a3a9dd7f36d07454d7639bdf373ee0c6003fa79e4f39c9071d5539b5a130c56c896a1da2b23b23fcb276efc7b3d812ed6bc0a40d0307d1bf1	common_voice_ibb_41249112.mp3	3be62746743c7ffd143906accee14c899cda585ad3700917be55a1a6dea16a3f	Esesuunọ ke ekpek unen ekeebo ke efịk idooho ubiak ọdọñ mmọọñ ke etәk abañ ọkọñọ ase.		0	2					ibb	
8a09e33c4a49220a3a9dd7f36d07454d7639bdf373ee0c6003fa79e4f39c9071d5539b5a130c56c896a1da2b23b23fcb276efc7b3d812ed6bc0a40d0307d1bf1	common_voice_ibb_41249123.mp3	2a9759418fa7409c67bca496eaeb311ca17c85cec7b6806c9cda72020cd50bbd	Okpon akan akua owo ọdʌk ufọk ibiọñ ikịt akpemama inek unek odo edem ọmọ isiñwịneke.		0	2					ibb	
8a09e33c4a49220a3a9dd7f36d07454d7639bdf373ee0c6003fa79e4f39c9071d5539b5a130c56c896a1da2b23b23fcb276efc7b3d812ed6bc0a40d0307d1bf1	common_voice_ibb_41249124.mp3	3f5296e728ce89c5cb0a6182edb2cf7a9ac6900cb7688a6b899799c7afdf437a	Mbọk ku usio uyo aba yak ñkood nọ edisiiñe ukọd yak iñwọñ.		0	2					ibb	
8a09e33c4a49220a3a9dd7f36d07454d7639bdf373ee0c6003fa79e4f39c9071d5539b5a130c56c896a1da2b23b23fcb276efc7b3d812ed6bc0a40d0307d1bf1	common_voice_ibb_41249128.mp3	4443cb98bbac6b328f20410b86387b72869052e7b594e12b9abeda90ff994d09	Aya ọkpọñ eba ọwọp afọñ ama odo owo ikpọkkọke ibịt ọbọọñ enek unek enye odo unek esuenne.		0	2					ibb	
8a09e33c4a49220a3a9dd7f36d07454d7639bdf373ee0c6003fa79e4f39c9071d5539b5a130c56c896a1da2b23b23fcb276efc7b3d812ed6bc0a40d0307d1bf1	common_voice_ibb_41249268.mp3	6990f4c0d821bc391335c51dd1f6132d1c1501965ab846119b3cd1829e46f47b	Mme enye ọkọm mkpa ibọi mbono mkpebọhọ anye ndomo ifiid nnịm.		0	2					ibb	
8a09e33c4a49220a3a9dd7f36d07454d7639bdf373ee0c6003fa79e4f39c9071d5539b5a130c56c896a1da2b23b23fcb276efc7b3d812ed6bc0a40d0307d1bf1	common_voice_ibb_41249343.mp3	17641dffb2c5aecbae3c467b8b73f18bac6e597aa70e071e47f6b19c49b74d63	Eem ọbọọñ akuanna uyom odop nneme mme nsue etre ikọ ekpo mbrinyọñ isibiotto ke ikañ.		0	2					ibb	
8a09e33c4a49220a3a9dd7f36d07454d7639bdf373ee0c6003fa79e4f39c9071d5539b5a130c56c896a1da2b23b23fcb276efc7b3d812ed6bc0a40d0307d1bf1	common_voice_ibb_41249437.mp3	6d0b552a5b6922a7060d81639ac9117d6aecbc66d0b8d3aa719a7150cdc801a2	Utu ke mbọk esịne añwan usʌk ini nditọ ikọd etefia isitreke abrusai.		0	2					ibb	
8a09e33c4a49220a3a9dd7f36d07454d7639bdf373ee0c6003fa79e4f39c9071d5539b5a130c56c896a1da2b23b23fcb276efc7b3d812ed6bc0a40d0307d1bf1	common_voice_ibb_41249440.mp3	5890ab5ff5f3cccd58d0202d8fececea76137c945e33c2fc86be4c740b1acd1c	Akeyem mkpọ ọnọ ebe ama anye ọdʌk ọsʌk enyeñ nte mbịp ọnọ etueb.		0	2					ibb	
8a09e33c4a49220a3a9dd7f36d07454d7639bdf373ee0c6003fa79e4f39c9071d5539b5a130c56c896a1da2b23b23fcb276efc7b3d812ed6bc0a40d0307d1bf1	common_voice_ibb_41249614.mp3	82e563c7c07ee787bcc5807904b8d017669dbc36234d5f80fde660201e48798e	Ọkọọm ete añwaan tie sʌñ se ekaaha ko akeebịp nte ọmmọ ekaiya ye nte ebo ikidʌñ ibọọrọ akedo abasi idaiyake.		0	2					ibb	
ddefd95daba74064b77e8d0a40de05da4b14262680e4cd0f8068db3ffa2279fbe84ccfef1cb5d70a6a899cd1699d9dd5c363262c6fce60e54a4978ffb7165414	common_voice_ibb_41250627.mp3	2742995dfc66a3d11865fac105cba41a46de30c1bd52c74794060de023104a30	Imaa ekood ikọd etefia isio ke udi e emi akedo osoon adiaha mma arid daña okoppo ke asana asakka.		0	2					ibb	
ddefd95daba74064b77e8d0a40de05da4b14262680e4cd0f8068db3ffa2279fbe84ccfef1cb5d70a6a899cd1699d9dd5c363262c6fce60e54a4978ffb7165414	common_voice_ibb_41250632.mp3	3811c8f00e840c869e74ac6217835a10591a6bc42dc3b78a7e339ab68865428b	Eyem udara esie aka ke etak owo enie ibịt etịmme akemia idịp owo enie ñkpọ etịmme aka ebeeñe.		0	2					ibb	
ddefd95daba74064b77e8d0a40de05da4b14262680e4cd0f8068db3ffa2279fbe84ccfef1cb5d70a6a899cd1699d9dd5c363262c6fce60e54a4978ffb7165414	common_voice_ibb_41250634.mp3	8724a5dd1de8efaa00966e9fa1d43ae44c17c14878fa0b9f753bb81f40f9d2a8	Ọbọọñ idʌñ ikọd etefia amaada ke akpa ikọ ete uko osuuk iso ke isọñ.		0	2					ibb	
ddefd95daba74064b77e8d0a40de05da4b14262680e4cd0f8068db3ffa2279fbe84ccfef1cb5d70a6a899cd1699d9dd5c363262c6fce60e54a4978ffb7165414	common_voice_ibb_41250755.mp3	116a08bf3bc12b6cfbdbcfdf33c7f1bc507b477471bf3b485d0247e70882a2e1	Ebeeñe idem adikịt mbo ke mmimọ iminam nọ udọñọ itiaita ami amaana ateek ubọk ke idʌñ nnyịn.		0	2					ibb	
ddefd95daba74064b77e8d0a40de05da4b14262680e4cd0f8068db3ffa2279fbe84ccfef1cb5d70a6a899cd1699d9dd5c363262c6fce60e54a4978ffb7165414	common_voice_ibb_41250757.mp3	4c7be9a849ca45aae76460ea663478305ae72912111d0f287c24d2eb1d3d7ddd	Usʌk owo emaetuak eda ete yak ise daña ọmmọ ebo iditie ke ọdʌñ ekọm ita ekọm.		0	2					ibb	
ddefd95daba74064b77e8d0a40de05da4b14262680e4cd0f8068db3ffa2279fbe84ccfef1cb5d70a6a899cd1699d9dd5c363262c6fce60e54a4978ffb7165414	common_voice_ibb_41250837.mp3	8a51d0e50acd08883bdbbc93fb3371a5679850533ecc3de078bdb7b7e245abf3	Owo akekịtte enye ini odo ikimeehe eyịd esịt amaaketọñọ edisọñ enye ke mkpa adiaha amọ amamaanabʌññọ.		0	2					ibb	
ddefd95daba74064b77e8d0a40de05da4b14262680e4cd0f8068db3ffa2279fbe84ccfef1cb5d70a6a899cd1699d9dd5c363262c6fce60e54a4978ffb7165414	common_voice_ibb_41250838.mp3	7a244b6f4bc368f7a263117b95fae0e84928acc961eda160cdf3480866b2115d	Idahado enye edibonno nditọ uyịre uyịre do enye ke ubeñ owo ubeñ ebod.		0	2					ibb	
ddefd95daba74064b77e8d0a40de05da4b14262680e4cd0f8068db3ffa2279fbe84ccfef1cb5d70a6a899cd1699d9dd5c363262c6fce60e54a4978ffb7165414	common_voice_ibb_41250840.mp3	495d391bbf3264145afc291d537953a74971d27979acc8166f7cb22119105aaa	Ediọọñọke ibio ibio nte akruwasan aasiak mme itie edibọ mmọọñ esañukwak akanna ikie itiokeet.		0	2					ibb	
ddefd95daba74064b77e8d0a40de05da4b14262680e4cd0f8068db3ffa2279fbe84ccfef1cb5d70a6a899cd1699d9dd5c363262c6fce60e54a4978ffb7165414	common_voice_ibb_41250843.mp3	2cef5942c2c534c1e2c00ce49c7527327af10340c7aaa46b31baa67dc1f88dd3	Ufọk abasi odo ekesooboke ke isua itiaba akeboiyoke do.		0	2					ibb	
8a09e33c4a49220a3a9dd7f36d07454d7639bdf373ee0c6003fa79e4f39c9071d5539b5a130c56c896a1da2b23b23fcb276efc7b3d812ed6bc0a40d0307d1bf1	common_voice_ibb_41259812.mp3	05999058de381382e0a1429b222df1545542337d46980b1563d2885ad4f20ced	Inua imam mme daña ekese inek ke imainyọñ mkpọ afịd se añwaan ekesinam enye adiaha ke enye akese ben ọsọñ idem esịt.		0	2					ibb	
ddefd95daba74064b77e8d0a40de05da4b14262680e4cd0f8068db3ffa2279fbe84ccfef1cb5d70a6a899cd1699d9dd5c363262c6fce60e54a4978ffb7165414	common_voice_ibb_41262236.mp3	61154d19b5f331d8ee5e1ceb0e9c9d8931906e0d00364da41a98e26b3e46951e	Ibaaha owo akebịne mme edịkke ọmmọ uwem.		0	2					ibb	
fa2d624dcf73f651b93a99ecc7bdc75d2e1f2342fde71b37020249f484392f56c2b3f92c3e86af34b7725e5d434ad5ca4d17633720591762126703b0cbe3d140	common_voice_ibb_41269389.mp3	b4cc79ec61b15629785824efbb3299058b5833123cd8b7378942c5480ed700a9	Nnyịn ikidudiọñọ tọñọ naña ikidudakka ntom ọwọd idaha ase ado mkpọ inemesịd nnyịn edise mmaana ndukịtte.		1	2					ibb	
fa2d624dcf73f651b93a99ecc7bdc75d2e1f2342fde71b37020249f484392f56c2b3f92c3e86af34b7725e5d434ad5ca4d17633720591762126703b0cbe3d140	common_voice_ibb_41270506.mp3	9d4b69a9a408525baa87e87f28af3f969b513fa4b41ed8dca4a0069f4d9809e6	Nsinia okon amaadian obo ke ufọn ntʌnọ odo ke adikpʌghọ owo nọ akappa ọfọn.		0	2					ibb	
fa2d624dcf73f651b93a99ecc7bdc75d2e1f2342fde71b37020249f484392f56c2b3f92c3e86af34b7725e5d434ad5ca4d17633720591762126703b0cbe3d140	common_voice_ibb_41271616.mp3	1eb7673f849593247bd2b1026ffe31db2358fef4e0bceb0f05b73b59c2de0210	Etәk ebot ọsọp inua ikịm ọbọhọ ata ituut.		1	2					ibb	
ddefd95daba74064b77e8d0a40de05da4b14262680e4cd0f8068db3ffa2279fbe84ccfef1cb5d70a6a899cd1699d9dd5c363262c6fce60e54a4978ffb7165414	common_voice_ibb_41272306.mp3	b94128ab2053bf06fffa7c90f0c71bd69dc82dcea9971579625215801877e00c	Nsasak obo ete emọ idọñ ñkua ikeeñe ukpịp iyịrọ ekpat eto otop ekere idem otop oso ọdiọọñọ oso oso ọdiọọñọ anditop.		1	2					ibb	
1923020c03c38852c2065a10979abf354c9b532172fbb4b282ea9d1a0d17a7d016cf59670251d22c198afc95d3703b1fd529422319bdb457af45e556a8403944	common_voice_ibb_41298766.mp3	d49acd163ca06dcb594523d06be5e3c4076f7a27dd3b0814e09ddddc924d97c4	Nsa mi o ana nyem nyịn obubịd ebod daña ayo mmikịmme mi dion itiaba ọdʌk saa owo ọsʌk uyem.		0	2					ibb	
1923020c03c38852c2065a10979abf354c9b532172fbb4b282ea9d1a0d17a7d016cf59670251d22c198afc95d3703b1fd529422319bdb457af45e556a8403944	common_voice_ibb_41316518.mp3	b94128ab2053bf06fffa7c90f0c71bd69dc82dcea9971579625215801877e00c	Nsasak obo ete emọ idọñ ñkua ikeeñe ukpịp iyịrọ ekpat eto otop ekere idem otop oso ọdiọọñọ oso oso ọdiọọñọ anditop.		0	2					ibb	
1923020c03c38852c2065a10979abf354c9b532172fbb4b282ea9d1a0d17a7d016cf59670251d22c198afc95d3703b1fd529422319bdb457af45e556a8403944	common_voice_ibb_41319687.mp3	1accae162a14d7d855cb8457907f1b1c92f4e8cf4dc22bfd2e0ff80697784586	Ata akpan ntak ami ñkọọmmọ ọmmọ odo daña ọmmọ ebere mme ami.		0	2					ibb	
e6b48f6601b7f99f1471d9e2fd243aa81378cd3c64407aa02a059b279dbf5839fe96003cb48b8ff4b7152fdcf3417ab0eb804c34b4c999d1534256218a3f4de2	common_voice_ibb_41325928.mp3	d5c66555b27076265ef018a5feff0986c0f004bf7c91efbc22c918adde178296	Daña ebod odo akekan odu ọnyʌñ asaña ọnyọñ akewọd ke ekọñ ikikemme usen.		0	2					ibb	
e6b48f6601b7f99f1471d9e2fd243aa81378cd3c64407aa02a059b279dbf5839fe96003cb48b8ff4b7152fdcf3417ab0eb804c34b4c999d1534256218a3f4de2	common_voice_ibb_41326083.mp3	63a51bb8f1c83317d1bc186193cdc19aff7df06e1feae998e64616a386260882	Mme ediọñọ ñwedo mme idiọñọke ndusʌk ini se nnyịn emi imikop inem idem ikan mme ọdiọñọ nwed owo o.		0	2					ibb	
e6b48f6601b7f99f1471d9e2fd243aa81378cd3c64407aa02a059b279dbf5839fe96003cb48b8ff4b7152fdcf3417ab0eb804c34b4c999d1534256218a3f4de2	common_voice_ibb_41326179.mp3	59c1b3319e20867d46fcc8160f72b81e3169cf7d2eb3d1b6081c90e0a9b0ea55	Ado ete akpeka mkpọ idorenyin odo ke ima inyọñ ikiwuọ ufọk iya ikịdia nsọk ubi.		0	2					ibb	
e6b48f6601b7f99f1471d9e2fd243aa81378cd3c64407aa02a059b279dbf5839fe96003cb48b8ff4b7152fdcf3417ab0eb804c34b4c999d1534256218a3f4de2	common_voice_ibb_41326281.mp3	e9f47a793fe5ad55cf3148d0d48f714643d100628ce89b52c0b478c2e116408e	Kprom kprom kprom ọnọk ọnọk ọnọk ọnọk kprom krpom kprom.		0	2					ibb	
e6b48f6601b7f99f1471d9e2fd243aa81378cd3c64407aa02a059b279dbf5839fe96003cb48b8ff4b7152fdcf3417ab0eb804c34b4c999d1534256218a3f4de2	common_voice_ibb_41326283.mp3	2231a2081759d0950c37913ce524396410133bfb482a2370d3472eea25c58ecc	Ikpidoho ekandịk anam utom mbakara anye adoho do ado ke afo okood etәk mkpọ.		0	2					ibb	
e6b48f6601b7f99f1471d9e2fd243aa81378cd3c64407aa02a059b279dbf5839fe96003cb48b8ff4b7152fdcf3417ab0eb804c34b4c999d1534256218a3f4de2	common_voice_ibb_41326288.mp3	13f18ea7d638027fbafa95af09f41299e333bdbc1b9cb856181133c3e14730d3	Oo ekọm anie abasi etop aketọ añwaan mmi ke ufọk anye afehe adiben eka aka ufọk ibọk.		0	2					ibb	
e6b48f6601b7f99f1471d9e2fd243aa81378cd3c64407aa02a059b279dbf5839fe96003cb48b8ff4b7152fdcf3417ab0eb804c34b4c999d1534256218a3f4de2	common_voice_ibb_41326425.mp3	aa028bff28a5089ea0c3d8dc5f896832c6003651bc0a1b7cd4dbf8c45ac108c0	Ekod enye edibọọrọ odo ikikanna ke akpatre ndausʌñ ikọd ntuen emaesio mkpọ ekaibịd ọnyọñ ukịm ọbọ.		0	2					ibb	
435fdbf9a360a502064a4925e12a5d85c13479a28f5de7de85a5724af83b2242c948f63dbfe295b3ffaef284b4316f105238a2dc4eedc03db09c067ba2248e7e	common_voice_ibb_41329024.mp3	37cfeeb32ffae1923551dd775eb4ed3d74d6fad674f711384c60bb24f9259995	Eka iñwañ isinanake nsaara iyak abaak akua owo enyen akpa oto.		0	2		female_feminine			ibb	
e6b48f6601b7f99f1471d9e2fd243aa81378cd3c64407aa02a059b279dbf5839fe96003cb48b8ff4b7152fdcf3417ab0eb804c34b4c999d1534256218a3f4de2	common_voice_ibb_41331343.mp3	d7c640b664e2414337ab366dbc4e44b8105a348642618cfff42c3517fd645d9c	Amkpa idem ndufo ikitʌmmọ ufọk añwaan ammọ otoho ise ima inam odo mfọn mfọn.		1	2					ibb	
e6b48f6601b7f99f1471d9e2fd243aa81378cd3c64407aa02a059b279dbf5839fe96003cb48b8ff4b7152fdcf3417ab0eb804c34b4c999d1534256218a3f4de2	common_voice_ibb_41331485.mp3	8dcb0ea73ece1568a107c315562bc67719c25ac1fb3e0ad0b4497a9d9c30c3ed	Ọọ se enye odo yak odo akpa ndi obod owoñwan iwakkake ọtʌñ uko.		0	2					ibb	
e6b48f6601b7f99f1471d9e2fd243aa81378cd3c64407aa02a059b279dbf5839fe96003cb48b8ff4b7152fdcf3417ab0eb804c34b4c999d1534256218a3f4de2	common_voice_ibb_41331587.mp3	ec4f6a5912b36e3b11f6b12d8cc94a6d320c46e48567c73f28b5bbf4e135a34b	Akeme ido anye ikpiku udọọhọ yak kaña ise ñkọ idoho añwaan mfọ ọdiọñọ abaña ndudiọ mfo ye idara.		0	2					ibb	
e6b48f6601b7f99f1471d9e2fd243aa81378cd3c64407aa02a059b279dbf5839fe96003cb48b8ff4b7152fdcf3417ab0eb804c34b4c999d1534256218a3f4de2	common_voice_ibb_41331588.mp3	0e767b0459a8b9a269dbd12f8407544d30b643f28e1ca9616ed165c54ac5b8c2	Use mkpọ eekekaha ikisịnne uñwam utu ke ndo akeben mfʌhọ edi.		0	2					ibb	
e6b48f6601b7f99f1471d9e2fd243aa81378cd3c64407aa02a059b279dbf5839fe96003cb48b8ff4b7152fdcf3417ab0eb804c34b4c999d1534256218a3f4de2	common_voice_ibb_41331625.mp3	555d349cb10f8d9078c79ad8cce22d6b8df9af211cd74f7f5ba355f75604e0cf	Nte unen akịt ndidia ke asara itie uwotunam ekpedịbe daña edịbe nsʌñ itreke idọñ ndọñ.		0	2					ibb	
e6b48f6601b7f99f1471d9e2fd243aa81378cd3c64407aa02a059b279dbf5839fe96003cb48b8ff4b7152fdcf3417ab0eb804c34b4c999d1534256218a3f4de2	common_voice_ibb_41331863.mp3	0a79ec17a02f2e56d257b493eba443b91b758553e99f2853410646b290c492b1	Mmọọñọyịd brek brek brek ke enyen ñke esed ama anana iwuuk usen odo sia ayịd uko ikikanna aditịmme ke idịb.		0	2					ibb	
e6b48f6601b7f99f1471d9e2fd243aa81378cd3c64407aa02a059b279dbf5839fe96003cb48b8ff4b7152fdcf3417ab0eb804c34b4c999d1534256218a3f4de2	common_voice_ibb_41331892.mp3	10ad36f141f1ed327e7a897376f6198230351bfb5077a531e8aa93db9a2cfe7f	Ikpeeneke enye amaanatọọñọ akpekap ebo ke akedọdọñọ ete ke ema enyaaña nsuuk ibaaha.		0	3					ibb	
e6b48f6601b7f99f1471d9e2fd243aa81378cd3c64407aa02a059b279dbf5839fe96003cb48b8ff4b7152fdcf3417ab0eb804c34b4c999d1534256218a3f4de2	common_voice_ibb_41331893.mp3	2cff52f49763d99d7b52c8b13a2126cbd5ee1f890409e09709058e82711131b0	Ke akpatre ọbọọñ amaawuọ ke ekʌk ọmọ uyom ọnyʌñ odop mme ata mmeeñe.		0	2					ibb	
e6b48f6601b7f99f1471d9e2fd243aa81378cd3c64407aa02a059b279dbf5839fe96003cb48b8ff4b7152fdcf3417ab0eb804c34b4c999d1534256218a3f4de2	common_voice_ibb_41331963.mp3	4d7ded6a6054dbee06304fed8d420bb6555a6b91df94ae14362730e77325789b	Mme mfʌhọ ye obuud mma emi amaabiooro ke ndịbe esịd ọmọ ate ke ebe imọ mme nditọ idikpañake ọbiọñ.		0	2					ibb	
ddefd95daba74064b77e8d0a40de05da4b14262680e4cd0f8068db3ffa2279fbe84ccfef1cb5d70a6a899cd1699d9dd5c363262c6fce60e54a4978ffb7165414	common_voice_ibb_41333019.mp3	36e822ddf7421c0b985693825476ad7cdd4bcc15c273cdeb3f58c534bab6325c	Ebre editop eyịn ikọd etefia ọwuọ ete edidad eyịn nnyọñ idʌñ.		0	2					ibb	
ddefd95daba74064b77e8d0a40de05da4b14262680e4cd0f8068db3ffa2279fbe84ccfef1cb5d70a6a899cd1699d9dd5c363262c6fce60e54a4978ffb7165414	common_voice_ibb_41333086.mp3	455674835a0f41bd4067a8ee3f7053a8392900585d6c1e296484d16e46272fb3	Iyo ndufo enam so tọñọ ekekịd mkpọ ami ndiọñọke se mkpenam o iniehe se ete mmi ake anam ọnnọ mbemiso ndibon nditọ.		0	2					ibb	
e6b48f6601b7f99f1471d9e2fd243aa81378cd3c64407aa02a059b279dbf5839fe96003cb48b8ff4b7152fdcf3417ab0eb804c34b4c999d1534256218a3f4de2	common_voice_ibb_41333805.mp3	ff3b757f284fbd1a63dde1489731bffda7a435ca2031b63bbbb596ae407e9601	Atie do ọdọñ ayịn utom ọnnọ ate yak ibịne mfeghe usọp usọp nte yak ñkese ọmmọ.		0	2					ibb	
e6b48f6601b7f99f1471d9e2fd243aa81378cd3c64407aa02a059b279dbf5839fe96003cb48b8ff4b7152fdcf3417ab0eb804c34b4c999d1534256218a3f4de2	common_voice_ibb_41333806.mp3	8f149fcbb6802422709358cbec408a9ed4a9858a1aa5d8501ba52e75ed9614eb	Eyịn uweene idiọọñọke ñke uwot owo otop owot idem ekpo ọwuọ udua idʌkkọ efaak edat isiñwọññọ ukọt.		0	2					ibb	
e6b48f6601b7f99f1471d9e2fd243aa81378cd3c64407aa02a059b279dbf5839fe96003cb48b8ff4b7152fdcf3417ab0eb804c34b4c999d1534256218a3f4de2	common_voice_ibb_41333807.mp3	10f59544e3bf26fd5567c80006c8bf1d97d2b3494d96bdc226f3bbb7e7390a3c	Sia ikịm amaakpon ebod akedo asaña duọñ ke duọñ duọñ ke duọñ.		0	2					ibb	
e6b48f6601b7f99f1471d9e2fd243aa81378cd3c64407aa02a059b279dbf5839fe96003cb48b8ff4b7152fdcf3417ab0eb804c34b4c999d1534256218a3f4de2	common_voice_ibb_41353844.mp3	537646138a8f4a8ecfc6b077e122f36413dd8b32fc7a887cfa1f263564b062b7	Ndịk inyʌññọ iyak anyọñ anie ikpikere ke akpasọm akpa akop ndịk tutu ọdʌk ifʌn idem owo mfen.		0	2					ibb	
e6b48f6601b7f99f1471d9e2fd243aa81378cd3c64407aa02a059b279dbf5839fe96003cb48b8ff4b7152fdcf3417ab0eb804c34b4c999d1534256218a3f4de2	common_voice_ibb_41353852.mp3	dcefa71ee9c61c77c1c1892491ad58cde9e8975c860772d59f64b48fe2e1d641	Ami mkpebo nte akpatre ke ikọ iyiip inua odoom yak idiọọñọ daña itaña o.		0	2					ibb	
e6b48f6601b7f99f1471d9e2fd243aa81378cd3c64407aa02a059b279dbf5839fe96003cb48b8ff4b7152fdcf3417ab0eb804c34b4c999d1534256218a3f4de2	common_voice_ibb_41354012.mp3	cb8a683493087dc360cd7087369a4860e42fd5e1594507034f6d2cf2ab2088a7	Ekenịmme ke umuahia.		0	2					ibb	
e6b48f6601b7f99f1471d9e2fd243aa81378cd3c64407aa02a059b279dbf5839fe96003cb48b8ff4b7152fdcf3417ab0eb804c34b4c999d1534256218a3f4de2	common_voice_ibb_41354027.mp3	9b804e9f7b9f6e907964c35128f39625956086f2d8db4cfb849e6c45d952267a	Mfia siiduọkkọ idʌk edisem usem nnyịn ebiod ntan mme andikpeeb ediwed etọd kua ọfiọñ.		0	2					ibb	
e6b48f6601b7f99f1471d9e2fd243aa81378cd3c64407aa02a059b279dbf5839fe96003cb48b8ff4b7152fdcf3417ab0eb804c34b4c999d1534256218a3f4de2	common_voice_ibb_41354028.mp3	76751851db60281002b08db5aa9a13492ba170acc0e73e0b81a49c311a1ffca0	Usʌk ete anie ekedu uwem ke ukpe kpe mme isịp ikọd ifọn idem.		0	2					ibb	
e6b48f6601b7f99f1471d9e2fd243aa81378cd3c64407aa02a059b279dbf5839fe96003cb48b8ff4b7152fdcf3417ab0eb804c34b4c999d1534256218a3f4de2	common_voice_ibb_41354059.mp3	5613730f334817c4d666868074ec01d1c4c954faba45803e6969faf996f3ac25	Ke okpoebod amama udọndem ke odo ete ke ọsọp inua ebod aseeta ituud.		0	2					ibb	
e6b48f6601b7f99f1471d9e2fd243aa81378cd3c64407aa02a059b279dbf5839fe96003cb48b8ff4b7152fdcf3417ab0eb804c34b4c999d1534256218a3f4de2	common_voice_ibb_41354060.mp3	b87cfb71ab468c6331f21a5904a0c9b2d0ebd59a7f74eb438a34ae32c9013c19	Idịb ke akpatre ikikanna isọñinua aba amaanyọñ ke obuud mme ndọk.		0	2					ibb	
e6b48f6601b7f99f1471d9e2fd243aa81378cd3c64407aa02a059b279dbf5839fe96003cb48b8ff4b7152fdcf3417ab0eb804c34b4c999d1534256218a3f4de2	common_voice_ibb_41354084.mp3	c87587017eb827f9c4a951c1c0a24acc1fbbf8368e5ad5a270b3d101467bcc2f	Akịd ñkekaaha idʌñ unie mmi ekesʌk ekpaha ke mbume keed ado udu unie nditọ idahake.		0	2					ibb	
e6b48f6601b7f99f1471d9e2fd243aa81378cd3c64407aa02a059b279dbf5839fe96003cb48b8ff4b7152fdcf3417ab0eb804c34b4c999d1534256218a3f4de2	common_voice_ibb_41354100.mp3	d170ec1725990df9747b593ba7f068642e5f98e98a03f64ca9259d6795a455b5	Nditia ikisakkake daña ọtʌñ ọbọọñ idʌñ ọbọọñ udọ idiọñ akeyọhọke nte urua asʌk afịd nte ọkuọk.		0	2					ibb	
e6b48f6601b7f99f1471d9e2fd243aa81378cd3c64407aa02a059b279dbf5839fe96003cb48b8ff4b7152fdcf3417ab0eb804c34b4c999d1534256218a3f4de2	common_voice_ibb_41354113.mp3	9d955a7b73cc2d76fabfe1f1072e08df2519db96369e030ed2648a69a633e081	Ọmmọ ndion emaenek ukot unek akeyaiyake ndise tutu.		0	2					ibb	
e6b48f6601b7f99f1471d9e2fd243aa81378cd3c64407aa02a059b279dbf5839fe96003cb48b8ff4b7152fdcf3417ab0eb804c34b4c999d1534256218a3f4de2	common_voice_ibb_41354114.mp3	b2dd33bb4529bcd0d5f84024c17543d9d17e0248a6a90692a06c0828192c84bb	Saña saña ọnọ item ke sains mme teknọrọyi.		0	2					ibb	
e6b48f6601b7f99f1471d9e2fd243aa81378cd3c64407aa02a059b279dbf5839fe96003cb48b8ff4b7152fdcf3417ab0eb804c34b4c999d1534256218a3f4de2	common_voice_ibb_41354116.mp3	4c0a2d01b6e4b1e2fc79dbb989c71e8125547e482b67a8fe05df8de42615139a	Okoedi ọdọọñ akam ọnọ idem ewa otoiyo mkpọfiọk ọkọọrọ inua.		0	2					ibb	
e6b48f6601b7f99f1471d9e2fd243aa81378cd3c64407aa02a059b279dbf5839fe96003cb48b8ff4b7152fdcf3417ab0eb804c34b4c999d1534256218a3f4de2	common_voice_ibb_41354200.mp3	e1d4667a92d1946b50fc2ae2af264e0e7e06356088dc8d6e4819cb0d49d1458e	Ete sọnde ntuenibọk akedo akpaowo ediwuọ ñkeda ke itie ọmọ.		0	2					ibb	
e6b48f6601b7f99f1471d9e2fd243aa81378cd3c64407aa02a059b279dbf5839fe96003cb48b8ff4b7152fdcf3417ab0eb804c34b4c999d1534256218a3f4de2	common_voice_ibb_41354204.mp3	83c2ca73df534552c63981ed1591b6f331609c0500669a523b11822a7bd458b6	Uwak nneme akedo ke odu aketie ntoro usen abeti ọnyọññọ urua idʌkkọdʌk ufọk anye atọọñọ.		0	2					ibb	
e6b48f6601b7f99f1471d9e2fd243aa81378cd3c64407aa02a059b279dbf5839fe96003cb48b8ff4b7152fdcf3417ab0eb804c34b4c999d1534256218a3f4de2	common_voice_ibb_41354205.mp3	4b4c93a43c1d9ccada4b35c5d9f2cd275e7a50d677817ec7403b42dd6fd0b665	Isua itiaba odom tọọñọ udọnʌk akenam afịd ikọd etefia etad ebod edọñọ ikọd odo isua enyem akedo nnanenyen afịd owo.		0	2					ibb	
e6b48f6601b7f99f1471d9e2fd243aa81378cd3c64407aa02a059b279dbf5839fe96003cb48b8ff4b7152fdcf3417ab0eb804c34b4c999d1534256218a3f4de2	common_voice_ibb_41354206.mp3	f20b5ce8c35b06facf03f1fdfbaab0d6cf63cfe7aa5578700604c393465629f2	Uwak mkpọ se isidad mfịna ndi ke ufọk ndọ esitọọñọ ntәkntәk.		0	2					ibb	
e6b48f6601b7f99f1471d9e2fd243aa81378cd3c64407aa02a059b279dbf5839fe96003cb48b8ff4b7152fdcf3417ab0eb804c34b4c999d1534256218a3f4de2	common_voice_ibb_41354247.mp3	fe827f583f1eb1b6759592071e5b9a8f4003f098a12964a45056abae7641ce6d	Enye amaakpon ọbọhọ ikpidooho se ekpekan ebat mme owo se ikidʌñọ do ema.		0	2					ibb	
e6b48f6601b7f99f1471d9e2fd243aa81378cd3c64407aa02a059b279dbf5839fe96003cb48b8ff4b7152fdcf3417ab0eb804c34b4c999d1534256218a3f4de2	common_voice_ibb_41354267.mp3	8dd92f493fd99408818882cbf6fea5fbe866eb74afbd56f1c3c4b3889e41b265	Mmesọọñọ mmek mbre emi nnọ ufọkñwed ntaifiọk sekọndri ye efịd mme ama usem eke odoodo nte ekood.		0	2					ibb	
e6b48f6601b7f99f1471d9e2fd243aa81378cd3c64407aa02a059b279dbf5839fe96003cb48b8ff4b7152fdcf3417ab0eb804c34b4c999d1534256218a3f4de2	common_voice_ibb_41354271.mp3	bd7c87020ab3d9f67397dd9aa19bf6929789a600cf0b17e39cad06ea932d4706	Usʌk owo ete ke idoho ibom akebon ọmmọ owo isidotto ekpo uyo yak udo aka udo.		0	2					ibb	
e6b48f6601b7f99f1471d9e2fd243aa81378cd3c64407aa02a059b279dbf5839fe96003cb48b8ff4b7152fdcf3417ab0eb804c34b4c999d1534256218a3f4de2	common_voice_ibb_41354299.mp3	f71c818409943389bd02c456b6474943ae62d83607a862e86fac5a9f74fd42be	Akpe ana ọdọkọ anye obo ke idoho afịd udọñọ ke ibọk mbakara aseọkọk utọ udọñọ ọmmọ odo ọdʌñ ye mfañ ikọd nnyịn.		0	2					ibb	
cdff6d2a5e72d0c78082078fcb1d11911496b785a64e37d7ce329b06485bbeb1dbad34acfa53afa9533bef498f987106eff0307a8d9f948c83ae97aefe497249	common_voice_ibb_41356151.mp3	6a0aaeefd543ecbf6123f85a4ca6d680033e8e72398d11dfca3e8395af3f97fa	Ke etәk ini mkpọ nte isua ition emi akpasọm afeheke ọnyọñ nnʌñ ukod se enye akekan obod osio akedo edibon nditọ.		0	2					ibb	
cdff6d2a5e72d0c78082078fcb1d11911496b785a64e37d7ce329b06485bbeb1dbad34acfa53afa9533bef498f987106eff0307a8d9f948c83ae97aefe497249	common_voice_ibb_41356158.mp3	2b13c88d46ea194e953141f2081b51fcce22026e0ddb9957c60d9ef781171312	Eem mme ete nnyịn ebo ke ọbọọñ isibọọñọ ikpọọñ mmaaben mkpọ emi nneme mme mbọọñ mmi.		0	2					ibb	
cdff6d2a5e72d0c78082078fcb1d11911496b785a64e37d7ce329b06485bbeb1dbad34acfa53afa9533bef498f987106eff0307a8d9f948c83ae97aefe497249	common_voice_ibb_41356164.mp3	69ded889183f3f58cd7dd17579d6cf5d8ea42cdf1379536c485da2c5ca8b0797	Se daña ndịk adaakka ndọk tutu enye anana mfuud ndia akparawa idoho akañ iba.		0	2					ibb	
cdff6d2a5e72d0c78082078fcb1d11911496b785a64e37d7ce329b06485bbeb1dbad34acfa53afa9533bef498f987106eff0307a8d9f948c83ae97aefe497249	common_voice_ibb_41372238.mp3	f278329be543277823ad91b5df0712f00f305b7e8e80f93eed607a5a23c02157	Ikinyʌññọ iba owo se ikpikop uyo mbọọñ ọmọ mme ukara idem ndo ọbọi ikañ ke ubọk.		0	2					ibb	
cdff6d2a5e72d0c78082078fcb1d11911496b785a64e37d7ce329b06485bbeb1dbad34acfa53afa9533bef498f987106eff0307a8d9f948c83ae97aefe497249	common_voice_ibb_41372305.mp3	e060681030474e961f4a9eaa6edd0e959992db6fb319e84fa8e246265d0e8082	Mm ñkewakkake ndomokeed o ufọk ibaññake ke usʌñ odo uwak uwak.		0	2					ibb	
cdff6d2a5e72d0c78082078fcb1d11911496b785a64e37d7ce329b06485bbeb1dbad34acfa53afa9533bef498f987106eff0307a8d9f948c83ae97aefe497249	common_voice_ibb_41372336.mp3	5c71db61a1a27625d658c580d1141c6530b0f4a7a0c7a79222a86a5ba8a1d295	Eka eke obo ke imaaha ifet eyịn edep ọfọñ ọnọ owo isitʌkkọ aban ikua afañ.		0	2					ibb	
cdff6d2a5e72d0c78082078fcb1d11911496b785a64e37d7ce329b06485bbeb1dbad34acfa53afa9533bef498f987106eff0307a8d9f948c83ae97aefe497249	common_voice_ibb_41372380.mp3	a663691d7309d1be8a12851cd1c5925b5acb609f54c10494f42fe18b65e53465	Ke ikpehe ediọọñọke nte naiya deedta.		0	2					ibb	
cdff6d2a5e72d0c78082078fcb1d11911496b785a64e37d7ce329b06485bbeb1dbad34acfa53afa9533bef498f987106eff0307a8d9f948c83ae97aefe497249	common_voice_ibb_41372383.mp3	cd133655d88f4673d5a192673972d341602e6ba8ac7dea5357dc13c7645b012a	Mbọk kuuyadesịd ke mbuumo emi.		0	2					ibb	
cdff6d2a5e72d0c78082078fcb1d11911496b785a64e37d7ce329b06485bbeb1dbad34acfa53afa9533bef498f987106eff0307a8d9f948c83ae97aefe497249	common_voice_ibb_41372426.mp3	37cfeeb32ffae1923551dd775eb4ed3d74d6fad674f711384c60bb24f9259995	Eka iñwañ isinanake nsaara iyak abaak akua owo enyen akpa oto.		0	2					ibb	
cdff6d2a5e72d0c78082078fcb1d11911496b785a64e37d7ce329b06485bbeb1dbad34acfa53afa9533bef498f987106eff0307a8d9f948c83ae97aefe497249	common_voice_ibb_41372500.mp3	0a79ec17a02f2e56d257b493eba443b91b758553e99f2853410646b290c492b1	Mmọọñọyịd brek brek brek ke enyen ñke esed ama anana iwuuk usen odo sia ayịd uko ikikanna aditịmme ke idịb.		0	2					ibb	
cdff6d2a5e72d0c78082078fcb1d11911496b785a64e37d7ce329b06485bbeb1dbad34acfa53afa9533bef498f987106eff0307a8d9f948c83ae97aefe497249	common_voice_ibb_41372540.mp3	bf042bdcc07928af1e5b33b562e3547f2c88d20ce508f8e6613f22ca074f669e	Se enye adakka ada akama ubọk odomo idaha ọmọ ke ọkpọ iwa nyaasịtọ iñwañ nyam urua ọbiọñ idisidọññọ mien aba.		0	2					ibb	
e6b48f6601b7f99f1471d9e2fd243aa81378cd3c64407aa02a059b279dbf5839fe96003cb48b8ff4b7152fdcf3417ab0eb804c34b4c999d1534256218a3f4de2	common_voice_ibb_41400466.mp3	687fbbe7b6e8f61fbcc22faf0b634b65e391afc7a1df3eb2ad36267e7bb42cbf	Saa ñkebo ke adaadaiya aduad anye nte kebo anye ọdʌk adi unam ikọd mkpọ itiaba afehe ọwuọ.		0	2					ibb	
e6b48f6601b7f99f1471d9e2fd243aa81378cd3c64407aa02a059b279dbf5839fe96003cb48b8ff4b7152fdcf3417ab0eb804c34b4c999d1534256218a3f4de2	common_voice_ibb_41481646.mp3	e86039e069599f6dec4467e18ad21a44a738e743742bb7d91e58da77ed209d24	Akikere ndap mme asana iyakka anye akan anyen ọbọọp mme mma ami akpetañ udion.		0	2					ibb	
e6b48f6601b7f99f1471d9e2fd243aa81378cd3c64407aa02a059b279dbf5839fe96003cb48b8ff4b7152fdcf3417ab0eb804c34b4c999d1534256218a3f4de2	common_voice_ibb_41481647.mp3	bf50be207b96ee6133847e6139b3818000f438c8397291a955aa869509fccadf	Usʌk ete enam se idʌñ ekebiooro afe amaabakka iba se inem owo udọñọ ke inua enye ke eseedia akpa.		0	2					ibb	
e6b48f6601b7f99f1471d9e2fd243aa81378cd3c64407aa02a059b279dbf5839fe96003cb48b8ff4b7152fdcf3417ab0eb804c34b4c999d1534256218a3f4de2	common_voice_ibb_41481688.mp3	889c4b1b07fef1d71f4b44847af7a699de777c8ee0e8c29fdfde99f4fa03bd6a	Eka mkpọ anam owo mbʌk odo mbeñe inua keed isikoppo afere inem.		0	2					ibb	
e6b48f6601b7f99f1471d9e2fd243aa81378cd3c64407aa02a059b279dbf5839fe96003cb48b8ff4b7152fdcf3417ab0eb804c34b4c999d1534256218a3f4de2	common_voice_ibb_41481692.mp3	69ded889183f3f58cd7dd17579d6cf5d8ea42cdf1379536c485da2c5ca8b0797	Se daña ndịk adaakka ndọk tutu enye anana mfuud ndia akparawa idoho akañ iba.		0	2					ibb	
e6b48f6601b7f99f1471d9e2fd243aa81378cd3c64407aa02a059b279dbf5839fe96003cb48b8ff4b7152fdcf3417ab0eb804c34b4c999d1534256218a3f4de2	common_voice_ibb_41481694.mp3	4cdb620402883dbcd09b4d712cc73d1ad687109acd506ecfbf89ea991906b9c5	Ekebiodo daña ido eseedo mma odo akekịd ifed ekpo ke nnyọñọ udua.		0	2					ibb	
e6b48f6601b7f99f1471d9e2fd243aa81378cd3c64407aa02a059b279dbf5839fe96003cb48b8ff4b7152fdcf3417ab0eb804c34b4c999d1534256218a3f4de2	common_voice_ibb_41481695.mp3	e1dca6288511f92c15394d9bbd674b88abb088d59913f8b6e8b29db1442d737b	Ñkop ntoroo ke obodom ayaasio uyo mkpọñ ñkịtte ufọn eyịn amaamana ke udua ama ete eka fʌd ukod.		0	2					ibb	
e6b48f6601b7f99f1471d9e2fd243aa81378cd3c64407aa02a059b279dbf5839fe96003cb48b8ff4b7152fdcf3417ab0eb804c34b4c999d1534256218a3f4de2	common_voice_ibb_41481710.mp3	210ec836a738453f603271841138709d19582e1d25f4ef500b7578436547b158	Eyịn uweene ọtọọñọ ndioon ke ekuọñ etemme owo ikọ itemmeke mbịme.		0	2					ibb	
e6b48f6601b7f99f1471d9e2fd243aa81378cd3c64407aa02a059b279dbf5839fe96003cb48b8ff4b7152fdcf3417ab0eb804c34b4c999d1534256218a3f4de2	common_voice_ibb_41481712.mp3	09a72ff6b9301652b72bfa4d8089c743989d00b3d1a46213687471e3316cad44	Bastọ maksweed osamọ amaatañ ọsọọñọ ke ufọk utom kọppa adiisʌk ikakaiso iñwam.		0	2					ibb	
e6b48f6601b7f99f1471d9e2fd243aa81378cd3c64407aa02a059b279dbf5839fe96003cb48b8ff4b7152fdcf3417ab0eb804c34b4c999d1534256218a3f4de2	common_voice_ibb_41481726.mp3	582da5a952391d5a62f48a0e8501932412cafd501fe3f92d47fed3059308518d	Amaakop iduọesịt abaña unọmọ ake bọmb ekesiine ke dekọs.		0	2					ibb	
e6b48f6601b7f99f1471d9e2fd243aa81378cd3c64407aa02a059b279dbf5839fe96003cb48b8ff4b7152fdcf3417ab0eb804c34b4c999d1534256218a3f4de2	common_voice_ibb_41481741.mp3	54b85688f3a44affb52e345a0ce3bd8d16f25f9cb672e5d9ab8d3cc998eee211	Ididooho ufọk ikoppo mkpọ esion ekop.		0	2					ibb	
e6b48f6601b7f99f1471d9e2fd243aa81378cd3c64407aa02a059b279dbf5839fe96003cb48b8ff4b7152fdcf3417ab0eb804c34b4c999d1534256218a3f4de2	common_voice_ibb_41481747.mp3	b7884ace1d29913974b94d9a0433069b5cc56df59351185e7ad36b54cd571e4a	Ndịk mme ndobo akeba nte aseekpon ke usen ami abi ikan mme usen mfen.		0	2					ibb	
e6b48f6601b7f99f1471d9e2fd243aa81378cd3c64407aa02a059b279dbf5839fe96003cb48b8ff4b7152fdcf3417ab0eb804c34b4c999d1534256218a3f4de2	common_voice_ibb_41481763.mp3	a1cfcec8b28d3c8f83656c3e46c2afac83aef968be5fb23c617346d38d572254	Mfʌhọ ami amaakpon tutu akpasọm akpere mkpa idoho mkpọ ke ekesika aba.		0	2					ibb	
e6b48f6601b7f99f1471d9e2fd243aa81378cd3c64407aa02a059b279dbf5839fe96003cb48b8ff4b7152fdcf3417ab0eb804c34b4c999d1534256218a3f4de2	common_voice_ibb_41481773.mp3	232733912eab544a8039b1b06dac8e607528082885a0d190d9c3eac57c9bb1dc	Ikọd etefia aba nte ema efre ata ekamba mkpọ keed ete ke ifiọk ikemme owo idịd emi ema enana ifiọk keed.		0	2					ibb	
e6b48f6601b7f99f1471d9e2fd243aa81378cd3c64407aa02a059b279dbf5839fe96003cb48b8ff4b7152fdcf3417ab0eb804c34b4c999d1534256218a3f4de2	common_voice_ibb_41481783.mp3	7d9fe4e2eb7bb29139b2a59e3f55ee47ef8c99377d84d64f4ff3c358001a473c	Enọ mbio efiommoke ibaan ukpeep ñkpọ ke editre mme uto eduuwem ntom.		0	2					ibb	
e6b48f6601b7f99f1471d9e2fd243aa81378cd3c64407aa02a059b279dbf5839fe96003cb48b8ff4b7152fdcf3417ab0eb804c34b4c999d1534256218a3f4de2	common_voice_ibb_41481791.mp3	354cde21b938ba5026f8a544127e86c353926e6d56df103ae10b39c8a2364a74	Anie edidiọọñọ ke ekpebo ke enye amaadọkkọ ọmmọ se iba ke idʌñ.		0	2					ibb	
e6b48f6601b7f99f1471d9e2fd243aa81378cd3c64407aa02a059b279dbf5839fe96003cb48b8ff4b7152fdcf3417ab0eb804c34b4c999d1534256218a3f4de2	common_voice_ibb_41481803.mp3	6d6d3dc79928639d7a3c2372dff758563738e5f7494edf89b321d2134812a7e7	Ñwaan umọfia ake boiyo iso asio mkpọ nsoo ke afo owoñwaan anyem mbọk amekịd abọñ.		0	2					ibb	
e6b48f6601b7f99f1471d9e2fd243aa81378cd3c64407aa02a059b279dbf5839fe96003cb48b8ff4b7152fdcf3417ab0eb804c34b4c999d1534256218a3f4de2	common_voice_ibb_41481816.mp3	627faf9d0ce666166c8a6deba25d77d912293782446de9a02b355ac25d87491a	Ubọọñ sọnde udọ odooho keed ke otu mbon ebọkkọke mkpa ke ikañ odo atañ ọnọ ọkọmbʌk ufọk utom usuan mbʌk ake ekebe ndise.		0	2					ibb	
435fdbf9a360a502064a4925e12a5d85c13479a28f5de7de85a5724af83b2242c948f63dbfe295b3ffaef284b4316f105238a2dc4eedc03db09c067ba2248e7e	common_voice_ibb_41482910.mp3	e7d0cb8e643056fcb8324a16e66f7fe383d8ddadca785b4009e5e2aac5887018	Ikikiwuọ se mkpeti mkpeti ideen duopeba mi ke mben idịm usʌk ekama eduad usʌk ekama ikañ usʌk ekama usam.		0	2		female_feminine			ibb	
e6b48f6601b7f99f1471d9e2fd243aa81378cd3c64407aa02a059b279dbf5839fe96003cb48b8ff4b7152fdcf3417ab0eb804c34b4c999d1534256218a3f4de2	common_voice_ibb_41484766.mp3	7db8075797e20827d70d4089013d877a032a297d9d0347e24d1566eb4e2e7d4b	Ke esañ udia iwai imọ idem emi o sia ikidooho ifeghe itiara mkpo ọmmọ emaetiime odo ndịk ikiyakka nọ ida.		0	2					ibb	
e6b48f6601b7f99f1471d9e2fd243aa81378cd3c64407aa02a059b279dbf5839fe96003cb48b8ff4b7152fdcf3417ab0eb804c34b4c999d1534256218a3f4de2	common_voice_ibb_41484773.mp3	e0ec8b4b04535cd4a1169f536aa7e5a4ba6f0ab48c7c2bad9c257d85660b6e07	Afañ mben usʌñ atatap owo ọdʌk ikọt andidia adadia abaam ọkuọk ñkpọk.		0	2					ibb	
534e8d3b1d255a0d5a5bbe99a6f56a435a970a899b39eb9f5f3da098caf38b209441f110214ea3f353de8895e0d54773a7dfac7ae797bccc83674ac951eb4cc0	common_voice_ibb_41503365.mp3	3130654d032a681a20efdea5a33039172bc6ef079afe9f4fbacb9e910b5642c5	Ọfọn ọbọhọ sịn ifịk kpeeb ñwed amokop kuudukeene ibaan o.		0	2					ibb	
dc500282daba015d5244a7a92c0a7e62fb97daba35cfdc4f1040345d1b2b6789731d29b1cbd71adc29b30b3c905fe2702c05326547f8605600f4ac35b85104fd	common_voice_ibb_41503513.mp3	687fbbe7b6e8f61fbcc22faf0b634b65e391afc7a1df3eb2ad36267e7bb42cbf	Saa ñkebo ke adaadaiya aduad anye nte kebo anye ọdʌk adi unam ikọd mkpọ itiaba afehe ọwuọ.		0	2					ibb	
734d09292ff2e3956948751efe5d11c6531f341d03ebedac204496a9d8f7e6af7545468cb652906f2c4363f5d9a89ade78c5b827360814495654f47785a82abb	common_voice_ibb_41509901.mp3	6c8bf17c76736eeff3d9c8b6720b197e17231639bf665dba6c620c39a3887ef0	Owo mbia ọdʌk efe asuana ikañ mme ikua idiọọñọke andinie ukot asaña aka usọrọ odo inua atịmme adia ñkpọ.		0	2	thirties	female_feminine			ibb	
